create database insurance;
use insurance;
create table person(driver_id varchar(20), 
name varchar(20), 
address varchar(20), 
primary key(driver_id));

create table car(reg_num varchar(20), 
model varchar(20), 
year int, 
primary key(reg_num));

create table accident(report_num int, 
accident_date date, 
location varchar(20), 
primary key(report_num));

create table owns(driver_id varchar(20),
 reg_num varchar(20), 
 primary key(driver_id, reg_num), 
 foreign key(driver_id) references person(driver_id), 
 foreign key(reg_num) references car(reg_num));
 
create table participated(driver_id varchar(20), 
reg_num varchar(20), 
report_num int, 
damage_amt int, 
primary key(driver_id, reg_num, report_num), 
foreign key(driver_id) references person(driver_id), 
foreign key(reg_num) references car(reg_num), 
foreign key(report_num) references accident(report_num));

insert into person values('A01', 'Richard', 'Srinivasnagar');
insert into person values('A02', 'Pradeep', 'Rajajinagar');
insert into person values('A03', 'Smith', 'Ashoknagar');
insert into person values('A04', 'Venu', 'NR Colony');
insert into person values('A05', 'John', 'Hanumanthanagr');

insert into car values('KA052250', 'Indica', '1990');
insert into car values('KA031181', 'Lancer', '1957');
insert into car values('KA095477', 'Toyota', '1988');
insert into car values('KA053408', 'Honda', '2008');
insert into car values('KA041702', 'Audi', '2005');

insert into owns values('A01', 'KA052250');
insert into owns values('A02', 'KA031181');
insert into owns values('A03', 'KA095477');
insert into owns values('A04', 'KA053408');
insert into owns values('A05', 'KA041702');

insert into accident values('11', '2003-01-01', 'Mysore road');
insert into accident values('12', '2004-02-02', 'South End Circle');
insert into accident values('13', '2003-01-02', 'Bull Temple road');
insert into accident values('14', '2008-02-17', 'Mysore road');
insert into accident values('15', '2004-03-05', 'Mysore road');

insert into participated values('A01', 'KA052250', 11, 10000);
insert into participated values('A02', 'KA031181', 12, 50000);
insert into participated values('A03', 'KA095477', 13, 25000);
insert into participated values('A04', 'KA053408', 14, 3000);
insert into participated values('A05', 'KA041702', 15, 5000);

select * from person;
select * from car;
select * from owns;
select * from accident;
select * from participated;







